{"cameraMode":{"drawMode":0,"name":"Shaded","section":"Shading Mode"},"sceneLighting":false,"audioPlay":false,"sceneViewState":{"showFog":true,"showMaterialUpdate":true,"showSkybox":false,"showFlares":true,"showImageEffects":true,"showParticleSystems":true},"in2DMode":false,"pivot":{"x":0.0,"y":-0.6000000238418579,"z":10.420000076293946},"rotation":{"x":0.25152644515037539,"y":-0.6281013488769531,"z":0.22456546127796174,"w":0.7014036774635315},"size":2.5632011890411379,"orthographic":true}