{"cameraMode":{"drawMode":0,"name":"Shaded","section":"Shading Mode"},"sceneLighting":false,"audioPlay":false,"sceneViewState":{"showFog":true,"showMaterialUpdate":true,"showSkybox":false,"showFlares":true,"showImageEffects":true,"showParticleSystems":true},"in2DMode":false,"pivot":{"x":-9.60999870300293,"y":1.210000991821289,"z":4.840402603149414},"rotation":{"x":0.6247482299804688,"y":-0.18627558648586274,"z":0.1568651646375656,"w":0.7418806552886963},"size":44.59687805175781,"orthographic":false}