{"cameraMode":{"drawMode":0,"name":"Shaded","section":"Shading Mode"},"sceneLighting":false,"audioPlay":false,"sceneViewState":{"showFog":true,"showMaterialUpdate":true,"showSkybox":false,"showFlares":true,"showImageEffects":true,"showParticleSystems":true},"in2DMode":false,"pivot":{"x":-0.518550455570221,"y":1.8939588069915772,"z":0.08351799100637436},"rotation":{"x":0.03179466351866722,"y":0.025480102747678758,"z":-0.0007973063038662076,"w":0.9991862773895264},"size":2.017839193344116,"orthographic":false}