{"cameraMode":{"drawMode":0,"name":"Shaded","section":"Shading Mode"},"sceneLighting":false,"audioPlay":false,"sceneViewState":{"showFog":true,"showMaterialUpdate":true,"showSkybox":false,"showFlares":true,"showImageEffects":true,"showParticleSystems":true},"in2DMode":false,"pivot":{"x":32.43090057373047,"y":9.249241828918457,"z":40.969669342041019},"rotation":{"x":0.6247482299804688,"y":-0.18627558648586274,"z":0.1568651646375656,"w":0.7418806552886963},"size":2.1001193523406984,"orthographic":false}